{"cameraMode":{"drawMode":0,"name":"Shaded","section":"Shading Mode"},"sceneLighting":true,"audioPlay":false,"sceneViewState":{"showFog":true,"showMaterialUpdate":false,"showSkybox":true,"showFlares":true,"showImageEffects":true,"showParticleSystems":true,"showVisualEffectGraphs":true,"m_FxEnabled":true},"in2DMode":false,"pivot":{"x":26.147621154785158,"y":25.516328811645509,"z":-70.14514923095703},"rotation":{"x":0.007566982414573431,"y":0.9922580718994141,"z":-0.0698481947183609,"w":0.10486599057912827},"size":1.0276885032653809,"orthographic":false}