{"cameraMode":{"drawMode":0,"name":"Shaded","section":"Shading Mode"},"sceneLighting":true,"audioPlay":false,"sceneViewState":{"showFog":true,"showMaterialUpdate":false,"showSkybox":true,"showFlares":true,"showImageEffects":true,"showParticleSystems":true,"showVisualEffectGraphs":true,"m_FxEnabled":true},"in2DMode":false,"pivot":{"x":25.990497589111329,"y":25.24710464477539,"z":-68.80030059814453},"rotation":{"x":0.04037116840481758,"y":0.9090380668640137,"z":-0.08936670422554016,"w":0.4055827558040619},"size":0.45606380701065066,"orthographic":false}