{"cameraMode":{"drawMode":0,"name":"Shaded","section":"Shading Mode"},"sceneLighting":true,"audioPlay":false,"sceneViewState":{"showFog":true,"showMaterialUpdate":false,"showSkybox":true,"showFlares":true,"showImageEffects":true,"showParticleSystems":true,"showVisualEffectGraphs":true,"m_FxEnabled":true},"in2DMode":false,"pivot":{"x":12.319051742553711,"y":16.161888122558595,"z":23.656709671020509},"rotation":{"x":-0.16494981944561006,"y":-0.2610943913459778,"z":0.04533296823501587,"w":-0.9500414133071899},"size":17.695371627807618,"orthographic":false}