{"cameraMode":{"drawMode":0,"name":"Shaded","section":"Shading Mode"},"sceneLighting":true,"audioPlay":false,"sceneViewState":{"showFog":true,"showMaterialUpdate":false,"showSkybox":true,"showFlares":true,"showImageEffects":true,"showParticleSystems":true,"showVisualEffectGraphs":true,"m_FxEnabled":true},"in2DMode":false,"pivot":{"x":-10.857940673828125,"y":6.656280994415283,"z":1.3661651611328126},"rotation":{"x":-0.18324075639247895,"y":0.36081811785697939,"z":-0.07243768125772476,"w":-0.9118075966835022},"size":25.735122680664064,"orthographic":false}