{"cameraMode":{"drawMode":0,"name":"Shaded","section":"Shading Mode"},"sceneLighting":true,"audioPlay":false,"sceneViewState":{"showFog":true,"showMaterialUpdate":false,"showSkybox":true,"showFlares":true,"showImageEffects":true,"showParticleSystems":true,"showVisualEffectGraphs":true,"m_FxEnabled":true},"in2DMode":false,"pivot":{"x":10.785088539123536,"y":19.861061096191408,"z":-80.90145111083985},"rotation":{"x":0.00035742626641876996,"y":-1.0000120401382447,"z":0.01889798603951931,"w":0.002107323845848441},"size":36.691192626953128,"orthographic":false}