{"cameraMode":{"drawMode":0,"name":"Shaded","section":"Shading Mode"},"sceneLighting":false,"audioPlay":false,"sceneViewState":{"showFog":true,"showMaterialUpdate":false,"showSkybox":false,"showFlares":true,"showImageEffects":true,"showParticleSystems":true,"showVisualEffectGraphs":true,"m_FxEnabled":true},"in2DMode":false,"pivot":{"x":-25.198619842529298,"y":28.758419036865236,"z":-47.151737213134769},"rotation":{"x":-0.29601603746414187,"y":-0.0029312116093933584,"z":0.0009474802645854652,"w":-0.9552457332611084},"size":1.345546841621399,"orthographic":false}