{"cameraMode":{"drawMode":0,"name":"Shaded","section":"Shading Mode"},"sceneLighting":false,"audioPlay":false,"sceneViewState":{"showFog":true,"showMaterialUpdate":false,"showSkybox":false,"showFlares":true,"showImageEffects":true,"showParticleSystems":true},"in2DMode":false,"pivot":{"x":0.0417027473449707,"y":2.6472833156585695,"z":0.0960550308227539},"rotation":{"x":0.03368811681866646,"y":0.3407880663871765,"z":-0.012217080220580101,"w":0.9394569396972656},"size":11.891870498657227,"orthographic":false}