{"cameraMode":{"drawMode":0,"name":"Shaded","section":"Shading Mode"},"sceneLighting":false,"audioPlay":false,"sceneViewState":{"showFog":true,"showMaterialUpdate":false,"showSkybox":false,"showFlares":true,"showImageEffects":true,"showParticleSystems":true},"in2DMode":false,"pivot":{"x":-0.0921783447265625,"y":20.932037353515626,"z":5.51810359954834},"rotation":{"x":0.1563045233488083,"y":0.5375484228134155,"z":-0.10217592865228653,"w":0.8222960233688355},"size":11.668428421020508,"orthographic":false}