{"cameraMode":{"drawMode":0,"name":"Shaded","section":"Shading Mode"},"sceneLighting":true,"audioPlay":false,"sceneViewState":{"showFog":true,"showMaterialUpdate":false,"showSkybox":true,"showFlares":true,"showImageEffects":true,"showParticleSystems":true},"in2DMode":false,"pivot":{"x":-1.93645179271698,"y":23.33835792541504,"z":1.1044493913650513},"rotation":{"x":0.1997547298669815,"y":0.04700113460421562,"z":-0.009590331465005875,"w":0.9786710739135742},"size":11.784512519836426,"orthographic":false}