{"cameraMode":{"drawMode":0,"name":"Shaded","section":"Shading Mode"},"sceneLighting":true,"audioPlay":false,"sceneViewState":{"showFog":true,"showMaterialUpdate":false,"showSkybox":true,"showFlares":true,"showImageEffects":true,"showParticleSystems":true},"in2DMode":false,"pivot":{"x":-4.931969165802002,"y":25.406715393066408,"z":1.562530517578125},"rotation":{"x":0.2483881711959839,"y":0.26603275537490847,"z":-0.07115008682012558,"w":0.9286913275718689},"size":11.784512519836426,"orthographic":false}