{"cameraMode":{"drawMode":0,"name":"Shaded","section":"Shading Mode"},"sceneLighting":true,"audioPlay":false,"sceneViewState":{"showFog":true,"showMaterialUpdate":false,"showSkybox":true,"showFlares":true,"showImageEffects":true,"showParticleSystems":true},"in2DMode":false,"pivot":{"x":-4.7792744636535648,"y":21.535799026489259,"z":10.85898208618164},"rotation":{"x":0.11291635036468506,"y":0.10856211930513382,"z":-0.012409732677042485,"w":0.9875779151916504},"size":16.724824905395509,"orthographic":false}