{"cameraMode":{"drawMode":0,"name":"Shaded","section":"Shading Mode"},"sceneLighting":false,"audioPlay":false,"sceneViewState":{"showFog":true,"showMaterialUpdate":false,"showSkybox":false,"showFlares":true,"showImageEffects":true,"showParticleSystems":true},"in2DMode":false,"pivot":{"x":-0.07018852233886719,"y":19.823434829711915,"z":4.5406999588012699},"rotation":{"x":0.29495903849601748,"y":0.5503402352333069,"z":-0.21627087891101838,"w":0.750567615032196},"size":11.668428421020508,"orthographic":false}