{"cameraMode":{"drawMode":0,"name":"Shaded","section":"Shading Mode"},"sceneLighting":true,"audioPlay":false,"sceneViewState":{"showFog":true,"showMaterialUpdate":false,"showSkybox":true,"showFlares":true,"showImageEffects":true,"showParticleSystems":true},"in2DMode":false,"pivot":{"x":5.402160167694092,"y":22.524747848510743,"z":9.438122749328614},"rotation":{"x":0.03293740376830101,"y":0.39375466108322146,"z":-0.014116422273218632,"w":0.9185168147087097},"size":16.724824905395509,"orthographic":false}