{"cameraMode":{"drawMode":0,"name":"Shaded","section":"Shading Mode"},"sceneLighting":false,"audioPlay":false,"sceneViewState":{"showFog":true,"showMaterialUpdate":false,"showSkybox":false,"showFlares":true,"showImageEffects":true,"showParticleSystems":true},"in2DMode":false,"pivot":{"x":33.63437271118164,"y":34.13679122924805,"z":27.53455352783203},"rotation":{"x":-0.2142503559589386,"y":0.37494125962257388,"z":-0.08950802683830261,"w":-0.8974989056587219},"size":21.827638626098634,"orthographic":false}