{"cameraMode":{"drawMode":0,"name":"Shaded","section":"Shading Mode"},"sceneLighting":true,"audioPlay":false,"sceneViewState":{"showFog":true,"showMaterialUpdate":false,"showSkybox":true,"showFlares":true,"showImageEffects":true,"showParticleSystems":true},"in2DMode":false,"pivot":{"x":4.015295505523682,"y":22.52474594116211,"z":10.7378511428833},"rotation":{"x":0.03368811681866646,"y":0.3407880663871765,"z":-0.012217080220580101,"w":0.9394569396972656},"size":16.724824905395509,"orthographic":false}