{"cameraMode":{"drawMode":0,"name":"Shaded","section":"Shading Mode"},"sceneLighting":true,"audioPlay":false,"sceneViewState":{"showFog":true,"showMaterialUpdate":false,"showSkybox":true,"showFlares":true,"showImageEffects":true,"showParticleSystems":true},"in2DMode":false,"pivot":{"x":0.3983273208141327,"y":23.31252098083496,"z":-0.26426154375076296},"rotation":{"x":0.13931822776794434,"y":-0.15118515491485597,"z":0.0215311162173748,"w":0.9784017205238342},"size":5.157074451446533,"orthographic":false}