{"cameraMode":{"drawMode":0,"name":"Shaded","section":"Shading Mode"},"sceneLighting":false,"audioPlay":false,"sceneViewState":{"showFog":true,"showMaterialUpdate":false,"showSkybox":false,"showFlares":true,"showImageEffects":true,"showParticleSystems":true},"in2DMode":false,"pivot":{"x":-3.6815099716186525,"y":26.65842056274414,"z":1.9800233840942383},"rotation":{"x":0.12472637742757797,"y":0.40121787786483767,"z":-0.05524592474102974,"w":0.9057678580284119},"size":6.282536506652832,"orthographic":false}