{"cameraMode":{"drawMode":0,"name":"Shaded","section":"Shading Mode"},"sceneLighting":false,"audioPlay":false,"sceneViewState":{"showFog":true,"showMaterialUpdate":false,"showSkybox":false,"showFlares":true,"showImageEffects":true,"showParticleSystems":true},"in2DMode":false,"pivot":{"x":2.452813148498535,"y":2.097458600997925,"z":18.771921157836915},"rotation":{"x":0.46196219325065615,"y":0.05844893679022789,"z":-0.030525708571076394,"w":0.8844449520111084},"size":38.701560974121097,"orthographic":false}