{"cameraMode":{"drawMode":0,"name":"Shaded","section":"Shading Mode"},"sceneLighting":true,"audioPlay":false,"sceneViewState":{"showFog":true,"showMaterialUpdate":false,"showSkybox":true,"showFlares":true,"showImageEffects":true,"showParticleSystems":true},"in2DMode":false,"pivot":{"x":0.2113170623779297,"y":22.51878547668457,"z":-2.368772506713867},"rotation":{"x":-0.05446900799870491,"y":-0.9341222047805786,"z":0.3131256401538849,"w":-0.16248451173305512},"size":22.0,"orthographic":false}