{"cameraMode":{"drawMode":0,"name":"Shaded","section":"Shading Mode"},"sceneLighting":true,"audioPlay":false,"sceneViewState":{"showFog":true,"showMaterialUpdate":false,"showSkybox":true,"showFlares":true,"showImageEffects":true,"showParticleSystems":true},"in2DMode":false,"pivot":{"x":-1.223908543586731,"y":25.962989807128908,"z":0.24045735597610475},"rotation":{"x":-0.00022329941566567868,"y":-0.9996607303619385,"z":0.024439817294478418,"w":-0.009011803194880486},"size":0.5934572815895081,"orthographic":false}