{"cameraMode":{"drawMode":0,"name":"Shaded","section":"Shading Mode"},"sceneLighting":true,"audioPlay":false,"sceneViewState":{"showFog":true,"showMaterialUpdate":false,"showSkybox":true,"showFlares":true,"showImageEffects":true,"showParticleSystems":true},"in2DMode":false,"pivot":{"x":-13.420490264892579,"y":30.02639389038086,"z":-44.587181091308597},"rotation":{"x":-0.18411390483379365,"y":-0.30615919828414919,"z":0.0604785792529583,"w":-0.93204665184021},"size":30.72102928161621,"orthographic":false}