{"cameraMode":{"drawMode":0,"name":"Shaded","section":"Shading Mode"},"sceneLighting":false,"audioPlay":false,"sceneViewState":{"showFog":true,"showMaterialUpdate":false,"showSkybox":false,"showFlares":true,"showImageEffects":true,"showParticleSystems":true},"in2DMode":false,"pivot":{"x":-1.7405036687850953,"y":24.806272506713868,"z":-0.6024028062820435},"rotation":{"x":0.323615163564682,"y":-0.10896655172109604,"z":0.037551458925008777,"w":0.9391429424285889},"size":13.11298942565918,"orthographic":false}